soc,kw2,time,kw
3.515625,41.28299332,0,41.28299332
3.515625,40.64922333,1,40.64922333
3.515625,41.38862228,2,41.38862228
3.515625,40.64922333,3,40.64922333
3.515625,40.64922333,4,40.64922333
3.515625,40.12108231,5,40.12108231
3.90625,39.80419922,6,39.80419922
3.90625,39.69857025,7,39.69857025
3.90625,40.43796539,8,40.43796539
3.90625,39.59294128,9,39.59294128
3.90625,40.01545334,10,40.01545334
3.90625,39.48731613,11,39.48731613
4.296875,40.86048126,12,40.86048126
4.296875,40.96610641,13,40.96610641
4.296875,39.80419922,14,39.80419922
4.296875,40.75485229,15,40.75485229
4.296875,40.43796539,16,40.43796539
4.296875,40.86048126,17,40.86048126
4.6875,40.54359436,18,40.54359436
4.6875,40.96610641,19,40.96610641
4.6875,40.64922333,20,40.64922333
4.6875,42.44490433,21,42.44490433
4.6875,42.97304153,22,42.97304153
4.6875,42.86741257,23,42.86741257
5.078125,42.97304153,24,42.97304153
5.078125,42.86741257,25,42.86741257
5.078125,42.86741257,26,42.86741257
5.078125,42.65615845,27,42.65615845
5.078125,42.86741257,28,42.86741257
5.078125,42.65615845,29,42.65615845
5.078125,42.86741257,30,42.86741257
5.46875,42.55052948,31,42.55052948
5.46875,42.55052948,32,42.55052948
5.46875,42.86741257,33,42.86741257
5.46875,42.55052948,34,42.55052948
5.46875,42.97304153,35,42.97304153
5.859375,42.86741257,36,42.86741257
5.859375,42.97304153,37,42.97304153
5.859375,42.97304153,38,42.97304153
5.859375,42.55052948,39,42.55052948
5.859375,42.86741257,40,42.86741257
5.859375,42.55052948,41,42.55052948
6.25,42.44490433,42,42.44490433
6.25,42.86741257,43,42.86741257
6.25,42.55052948,44,42.55052948
6.25,42.97304153,45,42.97304153
6.25,42.97304153,46,42.97304153
6.25,42.97304153,47,42.97304153
6.640625,42.97304153,48,42.97304153
6.640625,42.86741257,49,42.86741257
6.640625,42.97304153,50,42.97304153
6.640625,42.55052948,51,42.55052948
6.640625,42.55052948,52,42.55052948
6.640625,42.97304153,53,42.97304153
6.640625,42.55052948,54,42.55052948
7.03125,42.55052948,55,42.55052948
7.03125,42.55052948,56,42.55052948
7.03125,43.0786705,57,43.0786705
7.03125,42.55052948,58,42.55052948
7.03125,42.97304153,59,42.97304153
7.03125,42.55052948,60,42.55052948
7.421875,42.97304153,61,42.97304153
7.421875,42.55052948,62,42.55052948
7.421875,42.65615845,63,42.65615845
7.421875,42.97304153,64,42.97304153
7.421875,42.55052948,65,42.55052948
7.421875,42.97304153,66,42.97304153
8.203125,42.97304153,67,42.97304153
8.203125,42.97304153,68,42.97304153
8.203125,42.86741257,69,42.86741257
8.203125,42.97304153,70,42.97304153
8.203125,42.55052948,71,42.55052948
8.203125,42.86741257,72,42.86741257
8.59375,42.55052948,73,42.55052948
8.59375,42.55052948,74,42.55052948
8.59375,43.0786705,75,43.0786705
8.59375,42.97304153,76,42.97304153
8.59375,42.55052948,77,42.55052948
8.984375,42.65615845,78,42.65615845
8.984375,42.55052948,79,42.55052948
8.984375,42.86741257,80,42.86741257
8.984375,42.55052948,81,42.55052948
8.984375,42.55052948,82,42.55052948
8.984375,42.55052948,83,42.55052948
8.984375,42.55052948,84,42.55052948
9.375,42.65615845,85,42.65615845
9.375,42.55052948,86,42.55052948
9.375,42.65615845,87,42.65615845
9.375,42.97304153,88,42.97304153
9.375,42.97304153,89,42.97304153
9.765625,42.97304153,90,42.97304153
9.765625,42.55052948,91,42.55052948
9.765625,42.86741257,92,42.86741257
9.765625,42.65615845,93,42.65615845
9.765625,42.55052948,94,42.55052948
9.765625,42.65615845,95,42.65615845
10.15625,42.55052948,96,42.55052948
10.15625,42.55052948,97,42.55052948
10.15625,42.97304153,98,42.97304153
10.15625,42.55052948,99,42.55052948
10.15625,42.97304153,100,42.97304153
10.15625,42.55052948,101,42.55052948
10.546875,42.55052948,102,42.55052948
10.546875,42.97304153,103,42.97304153
10.546875,42.55052948,104,42.55052948
10.546875,42.55052948,105,42.55052948
10.546875,42.65615845,106,42.65615845
10.546875,42.65615845,107,42.65615845
10.9375,42.65615845,108,42.65615845
10.9375,42.86741257,109,42.86741257
10.9375,42.97304153,110,42.97304153
10.9375,42.55052948,111,42.55052948
10.9375,42.97304153,112,42.97304153
10.9375,42.97304153,113,42.97304153
10.9375,42.55052948,114,42.55052948
11.328125,42.97304153,115,42.97304153
11.328125,42.65615845,116,42.65615845
11.328125,42.55052948,117,42.55052948
11.328125,42.55052948,118,42.55052948
11.328125,42.65615845,119,42.65615845
11.328125,42.86741257,120,42.86741257
11.71875,42.55052948,121,42.55052948
11.71875,42.97304153,122,42.97304153
11.71875,42.86741257,123,42.86741257
11.71875,42.65615845,124,42.65615845
11.71875,43.0786705,125,43.0786705
11.71875,42.44490433,126,42.44490433
12.109375,42.55052948,127,42.55052948
12.109375,42.55052948,128,42.55052948
12.109375,42.65615845,129,42.65615845
12.109375,42.65615845,130,42.65615845
12.109375,42.65615845,131,42.65615845
12.109375,42.65615845,132,42.65615845
12.5,42.97304153,133,42.97304153
12.5,42.97304153,134,42.97304153
12.5,42.65615845,135,42.65615845
12.5,42.55052948,136,42.55052948
12.5,42.97304153,137,42.97304153
12.890625,42.65615845,138,42.65615845
12.890625,42.65615845,139,42.65615845
12.890625,42.55052948,140,42.55052948
12.890625,42.86741257,141,42.86741257
12.890625,42.55052948,142,42.55052948
12.890625,42.97304153,143,42.97304153
12.890625,42.65615845,144,42.65615845
13.28125,42.65615845,145,42.65615845
13.28125,42.65615845,146,42.65615845
13.28125,42.86741257,147,42.86741257
13.28125,42.55052948,148,42.55052948
13.28125,42.97304153,149,42.97304153
13.28125,42.55052948,150,42.55052948
13.671875,42.65615845,151,42.65615845
13.671875,42.44490433,152,42.44490433
13.671875,42.65615845,153,42.65615845
13.671875,42.86741257,154,42.86741257
13.671875,42.97304153,155,42.97304153
13.671875,42.65615845,156,42.65615845
14.0625,42.97304153,157,42.97304153
14.0625,42.97304153,158,42.97304153
14.0625,43.0786705,159,43.0786705
14.0625,42.65615845,160,42.65615845
14.0625,42.55052948,161,42.55052948
14.0625,42.97304153,162,42.97304153
14.453125,42.65615845,163,42.65615845
14.453125,42.65615845,164,42.65615845
14.453125,42.97304153,165,42.97304153
14.453125,42.65615845,166,42.65615845
14.453125,42.7617836,167,42.7617836
14.453125,42.86741257,168,42.86741257
14.84375,42.65615845,169,42.65615845
14.84375,42.65615845,170,42.65615845
14.84375,42.97304153,171,42.97304153
14.84375,42.65615845,172,42.65615845
14.84375,42.97304153,173,42.97304153
15.234375,42.65615845,174,42.65615845
15.234375,42.97304153,175,42.97304153
15.234375,42.86741257,176,42.86741257
15.234375,42.86741257,177,42.86741257
15.234375,42.86741257,178,42.86741257
15.234375,42.97304153,179,42.97304153
15.234375,42.7617836,180,42.7617836
15.625,42.55052948,181,42.55052948
15.625,42.97304153,182,42.97304153
15.625,42.55052948,183,42.55052948
15.625,42.65615845,184,42.65615845
15.625,42.7617836,185,42.7617836
15.625,42.65615845,186,42.65615845
16.015625,42.65615845,187,42.65615845
16.015625,42.86741257,188,42.86741257
16.015625,42.65615845,189,42.65615845
16.015625,42.55052948,190,42.55052948
16.015625,42.86741257,191,42.86741257
16.40625,42.65615845,192,42.65615845
16.40625,42.86741257,193,42.86741257
16.40625,42.65615845,194,42.65615845
16.40625,42.65615845,195,42.65615845
16.40625,42.65615845,196,42.65615845
16.40625,42.97304153,197,42.97304153
16.796875,42.65615845,198,42.65615845
16.796875,42.97304153,199,42.97304153
16.796875,42.55052948,200,42.55052948
16.796875,42.97304153,201,42.97304153
16.796875,42.65615845,202,42.65615845
16.796875,42.97304153,203,42.97304153
16.796875,42.55052948,204,42.55052948
17.578125,42.55052948,205,42.55052948
17.578125,42.55052948,206,42.55052948
17.578125,42.55052948,207,42.55052948
17.578125,42.65615845,208,42.65615845
17.578125,42.65615845,209,42.65615845
17.578125,42.65615845,210,42.65615845
17.96875,42.65615845,211,42.65615845
17.96875,42.55052948,212,42.55052948
17.96875,42.97304153,213,42.97304153
17.96875,42.65615845,214,42.65615845
17.96875,42.65615845,215,42.65615845
17.96875,43.0786705,216,43.0786705
18.359375,42.55052948,217,42.55052948
18.359375,42.97304153,218,42.97304153
18.359375,42.7617836,219,42.7617836
18.359375,42.97304153,220,42.97304153
18.359375,42.86741257,221,42.86741257
18.359375,42.65615845,222,42.65615845
18.75,42.55052948,223,42.55052948
18.75,43.0786705,224,43.0786705
18.75,42.65615845,225,42.65615845
18.75,42.86741257,226,42.86741257
18.75,42.65615845,227,42.65615845
18.75,42.65615845,228,42.65615845
19.140625,42.97304153,229,42.97304153
19.140625,42.55052948,230,42.55052948
19.140625,42.65615845,231,42.65615845
19.140625,42.97304153,232,42.97304153
19.140625,42.55052948,233,42.55052948
19.53125,42.55052948,234,42.55052948
19.53125,42.55052948,235,42.55052948
19.53125,42.86741257,236,42.86741257
19.53125,42.55052948,237,42.55052948
19.53125,42.55052948,238,42.55052948
19.53125,42.86741257,239,42.86741257
19.53125,42.55052948,240,42.55052948
19.921875,42.86741257,241,42.86741257
19.921875,42.97304153,242,42.97304153
19.921875,42.55052948,243,42.55052948
19.921875,42.55052948,244,42.55052948
19.921875,42.55052948,245,42.55052948
19.921875,42.97304153,246,42.97304153
20.3125,42.65615845,247,42.65615845
20.3125,42.65615845,248,42.65615845
20.3125,42.7617836,249,42.7617836
20.3125,42.65615845,250,42.65615845
20.3125,42.97304153,251,42.97304153
20.3125,42.65615845,252,42.65615845
20.703125,42.65615845,253,42.65615845
20.703125,42.97304153,254,42.97304153
20.703125,42.65615845,255,42.65615845
20.703125,42.55052948,256,42.55052948
20.703125,42.65615845,257,42.65615845
21.09375,42.55052948,258,42.55052948
21.09375,42.55052948,259,42.55052948
21.09375,42.97304153,260,42.97304153
21.09375,42.65615845,261,42.65615845
21.09375,42.65615845,262,42.65615845
21.09375,42.65615845,263,42.65615845
21.484375,42.97304153,264,42.97304153
21.484375,42.65615845,265,42.65615845
21.484375,42.86741257,266,42.86741257
21.484375,42.65615845,267,42.65615845
21.484375,42.97304153,268,42.97304153
21.484375,42.7617836,269,42.7617836
21.484375,42.65615845,270,42.65615845
21.875,42.65615845,271,42.65615845
21.875,42.65615845,272,42.65615845
21.875,42.65615845,273,42.65615845
21.875,42.97304153,274,42.97304153
21.875,42.55052948,275,42.55052948
22.265625,42.65615845,276,42.65615845
22.265625,42.65615845,277,42.65615845
22.265625,42.97304153,278,42.97304153
22.265625,42.55052948,279,42.55052948
22.265625,42.65615845,280,42.65615845
22.265625,42.44490433,281,42.44490433
22.265625,42.97304153,282,42.97304153
22.65625,42.65615845,283,42.65615845
22.65625,42.97304153,284,42.97304153
22.65625,42.55052948,285,42.55052948
22.65625,42.97304153,286,42.97304153
22.65625,42.55052948,287,42.55052948
22.65625,42.55052948,288,42.55052948
23.046875,42.55052948,289,42.55052948
23.046875,42.86741257,290,42.86741257
23.046875,42.55052948,291,42.55052948
23.046875,42.65615845,292,42.65615845
23.046875,42.86741257,293,42.86741257
23.046875,42.65615845,294,42.65615845
23.4375,42.55052948,295,42.55052948
23.4375,42.65615845,296,42.65615845
23.4375,42.97304153,297,42.97304153
23.4375,42.65615845,298,42.65615845
23.4375,42.65615845,299,42.65615845
23.4375,42.65615845,300,42.65615845
23.828125,42.97304153,301,42.97304153
23.828125,42.7617836,302,42.7617836
23.828125,42.65615845,303,42.65615845
23.828125,43.0786705,304,43.0786705
23.828125,42.65615845,305,42.65615845
23.828125,42.65615845,306,42.65615845
24.21875,42.97304153,307,42.97304153
24.21875,42.55052948,308,42.55052948
24.21875,42.97304153,309,42.97304153
24.21875,43.0786705,310,43.0786705
24.21875,42.65615845,311,42.65615845
24.21875,42.65615845,312,42.65615845
24.609375,42.65615845,313,42.65615845
24.609375,42.55052948,314,42.55052948
24.609375,42.97304153,315,42.97304153
24.609375,42.65615845,316,42.65615845
24.609375,42.55052948,317,42.55052948
25,42.55052948,318,42.55052948
25,42.97304153,319,42.97304153
25,42.7617836,320,42.7617836
25,42.55052948,321,42.55052948
25,42.97304153,322,42.97304153
25,42.55052948,323,42.55052948
25.390625,42.55052948,324,42.55052948
25.390625,42.55052948,325,42.55052948
25.390625,42.97304153,326,42.97304153
25.390625,42.65615845,327,42.65615845
25.390625,42.65615845,328,42.65615845
25.390625,42.55052948,329,42.55052948
25.78125,42.97304153,330,42.97304153
25.78125,42.65615845,331,42.65615845
25.78125,42.86741257,332,42.86741257
25.78125,42.97304153,333,42.97304153
25.78125,42.97304153,334,42.97304153
25.78125,42.86741257,335,42.86741257
26.5625,42.65615845,336,42.65615845
26.5625,42.65615845,337,42.65615845
26.5625,42.97304153,338,42.97304153
26.5625,42.65615845,339,42.65615845
26.5625,42.65615845,340,42.65615845
26.5625,42.65615845,341,42.65615845
26.5625,42.86741257,342,42.86741257
26.953125,42.65615845,343,42.65615845
26.953125,42.55052948,344,42.55052948
26.953125,42.86741257,345,42.86741257
26.953125,42.86741257,346,42.86741257
26.953125,42.7617836,347,42.7617836
27.34375,42.55052948,348,42.55052948
27.34375,42.86741257,349,42.86741257
27.34375,42.86741257,350,42.86741257
27.34375,42.7617836,351,42.7617836
27.34375,42.86741257,352,42.86741257
27.34375,42.55052948,353,42.55052948
27.734375,42.86741257,354,42.86741257
27.734375,42.55052948,355,42.55052948
27.734375,42.86741257,356,42.86741257
27.734375,42.55052948,357,42.55052948
27.734375,42.55052948,358,42.55052948
27.734375,42.86741257,359,42.86741257
27.734375,42.65615845,360,42.65615845
28.125,42.55052948,361,42.55052948
28.125,42.44490433,362,42.44490433
28.125,42.55052948,363,42.55052948
28.125,42.55052948,364,42.55052948
28.125,42.55052948,365,42.55052948
28.125,42.86741257,366,42.86741257
28.515625,42.44490433,367,42.44490433
28.515625,42.86741257,368,42.86741257
28.515625,42.86741257,369,42.86741257
28.515625,42.97304153,370,42.97304153
28.515625,42.44490433,371,42.44490433
28.515625,42.97304153,372,42.97304153
28.90625,42.86741257,373,42.86741257
28.90625,42.86741257,374,42.86741257
28.90625,42.44490433,375,42.44490433
28.90625,42.86741257,376,42.86741257
28.90625,42.97304153,377,42.97304153
29.296875,42.86741257,378,42.86741257
29.296875,42.65615845,379,42.65615845
29.296875,42.55052948,380,42.55052948
29.296875,42.97304153,381,42.97304153
29.296875,42.55052948,382,42.55052948
29.296875,42.65615845,383,42.65615845
29.6875,42.97304153,384,42.97304153
29.6875,42.55052948,385,42.55052948
29.6875,42.86741257,386,42.86741257
29.6875,42.44490433,387,42.44490433
29.6875,42.55052948,388,42.55052948
29.6875,42.55052948,389,42.55052948
29.6875,42.55052948,390,42.55052948
30.078125,42.55052948,391,42.55052948
30.078125,42.86741257,392,42.86741257
30.078125,42.65615845,393,42.65615845
30.078125,42.55052948,394,42.55052948
30.078125,42.97304153,395,42.97304153
30.078125,42.97304153,396,42.97304153
30.46875,42.55052948,397,42.55052948
30.46875,42.86741257,398,42.86741257
30.46875,42.55052948,399,42.55052948
30.46875,42.55052948,400,42.55052948
30.46875,42.55052948,401,42.55052948
30.46875,42.65615845,402,42.65615845
30.46875,43.0786705,403,43.0786705
30.46875,42.65615845,404,42.65615845
30.859375,42.55052948,405,42.55052948
30.859375,42.97304153,406,42.97304153
30.859375,42.65615845,407,42.65615845
30.859375,42.65615845,408,42.65615845
30.859375,42.97304153,409,42.97304153
30.859375,42.55052948,410,42.55052948
31.25,42.65615845,411,42.65615845
31.25,42.65615845,412,42.65615845
31.25,42.97304153,413,42.97304153
31.25,42.65615845,414,42.65615845
31.25,42.97304153,415,42.97304153
31.25,42.97304153,416,42.97304153
31.25,42.97304153,417,42.97304153
31.640625,42.55052948,418,42.55052948
31.640625,42.55052948,419,42.55052948
31.640625,42.65615845,420,42.65615845
31.640625,42.55052948,421,42.55052948
31.640625,42.55052948,422,42.55052948
31.640625,42.55052948,423,42.55052948
32.03125,42.97304153,424,42.97304153
32.03125,42.55052948,425,42.55052948
32.03125,42.55052948,426,42.55052948
32.03125,42.7617836,427,42.7617836
32.03125,43.0786705,428,43.0786705
32.03125,42.65615845,429,42.65615845
32.03125,43.0786705,430,43.0786705
32.421875,42.65615845,431,42.65615845
32.421875,42.65615845,432,42.65615845
32.421875,42.65615845,433,42.65615845
32.421875,42.65615845,434,42.65615845
32.421875,42.65615845,435,42.65615845
32.421875,42.97304153,436,42.97304153
32.421875,42.65615845,437,42.65615845
32.8125,42.65615845,438,42.65615845
32.8125,42.97304153,439,42.97304153
32.8125,42.55052948,440,42.55052948
32.8125,42.86741257,441,42.86741257
32.8125,42.97304153,442,42.97304153
32.8125,42.65615845,443,42.65615845
32.8125,42.97304153,444,42.97304153
33.203125,42.55052948,445,42.55052948
33.203125,42.65615845,446,42.65615845
33.203125,42.55052948,447,42.55052948
33.203125,42.55052948,448,42.55052948
33.203125,42.55052948,449,42.55052948
33.203125,42.65615845,450,42.65615845
33.203125,42.97304153,451,42.97304153
33.59375,42.55052948,452,42.55052948
33.59375,42.55052948,453,42.55052948
33.59375,42.97304153,454,42.97304153
33.59375,42.65615845,455,42.65615845
33.59375,42.97304153,456,42.97304153
33.59375,42.65615845,457,42.65615845
33.984375,42.86741257,458,42.86741257
33.984375,42.55052948,459,42.55052948
33.984375,42.7617836,460,42.7617836
33.984375,42.97304153,461,42.97304153
33.984375,42.65615845,462,42.65615845
33.984375,42.55052948,463,42.55052948
33.984375,42.65615845,464,42.65615845
34.375,42.55052948,465,42.55052948
34.375,42.65615845,466,42.65615845
34.375,42.55052948,467,42.55052948
34.375,42.55052948,468,42.55052948
34.375,42.55052948,469,42.55052948
34.375,42.97304153,470,42.97304153
34.375,42.65615845,471,42.65615845
34.765625,42.65615845,472,42.65615845
34.765625,42.65615845,473,42.65615845
34.765625,42.97304153,474,42.97304153
34.765625,42.65615845,475,42.65615845
34.765625,42.55052948,476,42.55052948
34.765625,42.97304153,477,42.97304153
34.765625,42.65615845,478,42.65615845
35.15625,42.97304153,479,42.97304153
35.15625,42.65615845,480,42.65615845
35.15625,42.65615845,481,42.65615845
35.15625,42.97304153,482,42.97304153
35.15625,42.55052948,483,42.55052948
35.15625,42.97304153,484,42.97304153
35.546875,42.65615845,485,42.65615845
35.546875,42.7617836,486,42.7617836
35.546875,43.0786705,487,43.0786705
35.546875,42.65615845,488,42.65615845
35.546875,42.55052948,489,42.55052948
35.546875,42.65615845,490,42.65615845
35.546875,42.55052948,491,42.55052948
35.9375,42.65615845,492,42.65615845
35.9375,42.86741257,493,42.86741257
35.9375,42.65615845,494,42.65615845
35.9375,42.65615845,495,42.65615845
35.9375,42.65615845,496,42.65615845
35.9375,42.97304153,497,42.97304153
35.9375,42.65615845,498,42.65615845
36.328125,42.65615845,499,42.65615845
36.328125,42.65615845,500,42.65615845
36.328125,42.65615845,501,42.65615845
36.328125,42.86741257,502,42.86741257
36.328125,42.44490433,503,42.44490433
36.328125,42.86741257,504,42.86741257
36.328125,42.97304153,505,42.97304153
36.71875,42.97304153,506,42.97304153
36.71875,42.55052948,507,42.55052948
36.71875,42.65615845,508,42.65615845
36.71875,42.55052948,509,42.55052948
36.71875,42.65615845,510,42.65615845
36.71875,42.55052948,511,42.55052948
37.109375,42.97304153,512,42.97304153
37.109375,42.55052948,513,42.55052948
37.109375,42.65615845,514,42.65615845
37.109375,42.65615845,515,42.65615845
37.109375,42.7617836,516,42.7617836
37.109375,42.55052948,517,42.55052948
37.109375,42.55052948,518,42.55052948
37.5,42.97304153,519,42.97304153
37.5,42.55052948,520,42.55052948
37.5,42.55052948,521,42.55052948
37.5,42.55052948,522,42.55052948
37.5,42.65615845,523,42.65615845
37.5,42.65615845,524,42.65615845
37.890625,42.65615845,525,42.65615845
37.890625,42.65615845,526,42.65615845
37.890625,42.65615845,527,42.65615845
37.890625,42.55052948,528,42.55052948
37.890625,42.65615845,529,42.65615845
37.890625,42.65615845,530,42.65615845
37.890625,42.65615845,531,42.65615845
37.890625,42.65615845,532,42.65615845
38.28125,42.55052948,533,42.55052948
38.28125,42.97304153,534,42.97304153
38.28125,42.65615845,535,42.65615845
38.28125,42.65615845,536,42.65615845
38.28125,42.65615845,537,42.65615845
38.28125,42.97304153,538,42.97304153
39.0625,42.55052948,539,42.55052948
39.0625,42.65615845,540,42.65615845
39.0625,42.97304153,541,42.97304153
39.0625,42.65615845,542,42.65615845
39.0625,42.65615845,543,42.65615845
39.0625,42.65615845,544,42.65615845
39.0625,42.65615845,545,42.65615845
39.453125,42.7617836,546,42.7617836
39.453125,42.65615845,547,42.65615845
39.453125,42.65615845,548,42.65615845
39.453125,42.97304153,549,42.97304153
39.453125,42.65615845,550,42.65615845
39.453125,42.65615845,551,42.65615845
39.453125,42.7617836,552,42.7617836
39.84375,42.65615845,553,42.65615845
39.84375,42.65615845,554,42.65615845
39.84375,42.7617836,555,42.7617836
39.84375,42.65615845,556,42.65615845
39.84375,42.65615845,557,42.65615845
39.84375,43.0786705,558,43.0786705
40.234375,42.65615845,559,42.65615845
40.234375,42.7617836,560,42.7617836
40.234375,42.65615845,561,42.65615845
40.234375,42.65615845,562,42.65615845
40.234375,42.7617836,563,42.7617836
40.234375,42.65615845,564,42.65615845
40.234375,42.97304153,565,42.97304153
40.625,42.65615845,566,42.65615845
40.625,42.65615845,567,42.65615845
40.625,42.97304153,568,42.97304153
40.625,42.97304153,569,42.97304153
40.625,42.97304153,570,42.97304153
41.015625,42.65615845,571,42.65615845
41.015625,42.55052948,572,42.55052948
41.015625,42.65615845,573,42.65615845
41.015625,42.65615845,574,42.65615845
41.015625,42.55052948,575,42.55052948
41.40625,42.65615845,576,42.65615845
41.40625,42.65615845,577,42.65615845
41.40625,42.65615845,578,42.65615845
41.40625,42.65615845,579,42.65615845
41.40625,42.55052948,580,42.55052948
41.796875,42.65615845,581,42.65615845
41.796875,42.65615845,582,42.65615845
41.796875,42.55052948,583,42.55052948
41.796875,42.86741257,584,42.86741257
41.796875,42.7617836,585,42.7617836
42.1875,42.65615845,586,42.65615845
42.1875,42.65615845,587,42.65615845
42.1875,42.55052948,588,42.55052948
42.1875,42.65615845,589,42.65615845
42.578125,42.55052948,590,42.55052948
42.578125,42.97304153,591,42.97304153
42.578125,43.0786705,592,43.0786705
42.578125,42.65615845,593,42.65615845
42.578125,42.65615845,594,42.65615845
42.578125,43.0786705,595,43.0786705
42.96875,42.55052948,596,42.55052948
42.96875,42.65615845,597,42.65615845
42.96875,42.55052948,598,42.55052948
42.96875,42.97304153,599,42.97304153
42.96875,42.65615845,600,42.65615845
43.359375,42.65615845,601,42.65615845
43.359375,42.65615845,602,42.65615845
43.359375,42.55052948,603,42.55052948
43.359375,42.65615845,604,42.65615845
43.359375,42.65615845,605,42.65615845
43.75,42.55052948,606,42.55052948
43.75,42.65615845,607,42.65615845
43.75,42.7617836,608,42.7617836
43.75,42.65615845,609,42.65615845
43.75,42.65615845,610,42.65615845
44.140625,42.65615845,611,42.65615845
44.140625,42.55052948,612,42.55052948
44.140625,42.97304153,613,42.97304153
44.140625,42.97304153,614,42.97304153
44.140625,42.55052948,615,42.55052948
44.53125,42.97304153,616,42.97304153
44.53125,42.65615845,617,42.65615845
44.53125,42.55052948,618,42.55052948
44.53125,42.65615845,619,42.65615845
44.921875,42.97304153,620,42.97304153
44.921875,42.65615845,621,42.65615845
44.921875,42.55052948,622,42.55052948
44.921875,42.65615845,623,42.65615845
44.921875,42.65615845,624,42.65615845
44.921875,42.97304153,625,42.97304153
45.3125,42.65615845,626,42.65615845
45.3125,42.55052948,627,42.55052948
45.3125,42.55052948,628,42.55052948
45.3125,42.97304153,629,42.97304153
45.703125,42.65615845,630,42.65615845
45.703125,42.55052948,631,42.55052948
45.703125,42.65615845,632,42.65615845
45.703125,42.97304153,633,42.97304153
45.703125,42.65615845,634,42.65615845
45.703125,42.65615845,635,42.65615845
46.09375,42.97304153,636,42.97304153
46.09375,42.65615845,637,42.65615845
46.09375,42.65615845,638,42.65615845
46.09375,42.7617836,639,42.7617836
46.09375,42.7617836,640,42.7617836
46.484375,42.65615845,641,42.65615845
46.484375,42.7617836,642,42.7617836
46.484375,42.55052948,643,42.55052948
46.484375,42.65615845,644,42.65615845
46.484375,42.55052948,645,42.55052948
46.875,42.65615845,646,42.65615845
46.875,42.65615845,647,42.65615845
46.875,42.65615845,648,42.65615845
46.875,43.0786705,649,43.0786705
46.875,42.65615845,650,42.65615845
47.265625,42.65615845,651,42.65615845
47.265625,42.65615845,652,42.65615845
47.265625,42.65615845,653,42.65615845
47.265625,42.65615845,654,42.65615845
47.65625,42.65615845,655,42.65615845
47.65625,42.65615845,656,42.65615845
47.65625,43.0786705,657,43.0786705
47.65625,42.65615845,658,42.65615845
47.65625,43.0786705,659,43.0786705
47.65625,43.0786705,660,43.0786705
48.046875,42.55052948,661,42.55052948
48.046875,42.65615845,662,42.65615845
48.046875,42.65615845,663,42.65615845
48.046875,42.65615845,664,42.65615845
48.046875,42.55052948,665,42.55052948
48.4375,42.97304153,666,42.97304153
48.4375,42.65615845,667,42.65615845
48.4375,42.65615845,668,42.65615845
48.4375,42.55052948,669,42.55052948
48.4375,42.55052948,670,42.55052948
48.828125,42.65615845,671,42.65615845
48.828125,42.65615845,672,42.65615845
48.828125,42.55052948,673,42.55052948
48.828125,42.65615845,674,42.65615845
48.828125,42.65615845,675,42.65615845
49.21875,42.97304153,676,42.97304153
49.21875,42.65615845,677,42.65615845
49.21875,42.97304153,678,42.97304153
49.21875,42.55052948,679,42.55052948
49.21875,42.65615845,680,42.65615845
49.609375,42.86741257,681,42.86741257
49.609375,42.55052948,682,42.55052948
49.609375,42.65615845,683,42.65615845
49.609375,42.97304153,684,42.97304153
49.609375,42.65615845,685,42.65615845
50,42.65615845,686,42.65615845
50,42.7617836,687,42.7617836
50,42.65615845,688,42.65615845
50,42.65615845,689,42.65615845
50,43.0786705,690,43.0786705
50,42.7617836,691,42.7617836
50.390625,42.55052948,692,42.55052948
50.390625,42.65615845,693,42.65615845
50.390625,42.55052948,694,42.55052948
50.390625,42.55052948,695,42.55052948
50.390625,42.65615845,696,42.65615845
50.390625,42.7617836,697,42.7617836
51.171875,42.55052948,698,42.55052948
51.171875,42.86741257,699,42.86741257
51.171875,42.65615845,700,42.65615845
51.171875,42.65615845,701,42.65615845
51.171875,42.65615845,702,42.65615845
51.171875,42.55052948,703,42.55052948
51.5625,42.65615845,704,42.65615845
51.5625,42.65615845,705,42.65615845
51.5625,42.65615845,706,42.65615845
51.5625,42.65615845,707,42.65615845
51.5625,42.65615845,708,42.65615845
51.5625,42.97304153,709,42.97304153
51.5625,42.55052948,710,42.55052948
51.953125,42.55052948,711,42.55052948
51.953125,42.65615845,712,42.65615845
51.953125,42.65615845,713,42.65615845
51.953125,42.65615845,714,42.65615845
51.953125,42.65615845,715,42.65615845
52.34375,42.65615845,716,42.65615845
52.34375,42.55052948,717,42.55052948
52.34375,42.65615845,718,42.65615845
52.34375,42.55052948,719,42.55052948
52.34375,42.55052948,720,42.55052948
52.34375,42.65615845,721,42.65615845
52.734375,43.0786705,722,43.0786705
52.734375,42.7617836,723,42.7617836
52.734375,42.65615845,724,42.65615845
52.734375,43.0786705,725,43.0786705
52.734375,42.65615845,726,42.65615845
52.734375,42.65615845,727,42.65615845
53.125,42.65615845,728,42.65615845
53.125,42.55052948,729,42.55052948
53.125,42.65615845,730,42.65615845
53.125,42.65615845,731,42.65615845
53.125,42.55052948,732,42.55052948
53.125,42.65615845,733,42.65615845
53.125,42.97304153,734,42.97304153
53.515625,42.65615845,735,42.65615845
53.515625,42.65615845,736,42.65615845
53.515625,42.65615845,737,42.65615845
53.515625,42.55052948,738,42.55052948
53.515625,42.55052948,739,42.55052948
53.515625,42.65615845,740,42.65615845
53.90625,42.65615845,741,42.65615845
53.90625,42.65615845,742,42.65615845
53.90625,42.7617836,743,42.7617836
53.90625,42.55052948,744,42.55052948
53.90625,42.97304153,745,42.97304153
53.90625,42.65615845,746,42.65615845
54.296875,42.7617836,747,42.7617836
54.296875,42.65615845,748,42.65615845
54.296875,42.7617836,749,42.7617836
54.296875,42.65615845,750,42.65615845
54.296875,42.7617836,751,42.7617836
54.296875,42.97304153,752,42.97304153
54.6875,42.65615845,753,42.65615845
54.6875,42.65615845,754,42.65615845
54.6875,42.65615845,755,42.65615845
54.6875,42.55052948,756,42.55052948
54.6875,42.65615845,757,42.65615845
55.078125,42.55052948,758,42.55052948
55.078125,42.65615845,759,42.65615845
55.078125,42.65615845,760,42.65615845
55.078125,43.0786705,761,43.0786705
55.078125,42.55052948,762,42.55052948
55.078125,42.55052948,763,42.55052948
55.46875,43.0786705,764,43.0786705
55.46875,42.7617836,765,42.7617836
55.46875,42.97304153,766,42.97304153
55.46875,42.65615845,767,42.65615845
55.46875,42.7617836,768,42.7617836
55.46875,42.65615845,769,42.65615845
55.46875,42.7617836,770,42.7617836
55.859375,42.65615845,771,42.65615845
55.859375,42.65615845,772,42.65615845
55.859375,42.55052948,773,42.55052948
55.859375,42.65615845,774,42.65615845
55.859375,42.65615845,775,42.65615845
55.859375,42.65615845,776,42.65615845
56.25,42.55052948,777,42.55052948
56.25,42.65615845,778,42.65615845
56.25,42.65615845,779,42.65615845
56.25,42.65615845,780,42.65615845
56.25,42.7617836,781,42.7617836
56.640625,42.55052948,782,42.55052948
56.640625,42.55052948,783,42.55052948
56.640625,42.65615845,784,42.65615845
56.640625,42.7617836,785,42.7617836
56.640625,42.65615845,786,42.65615845
56.640625,42.65615845,787,42.65615845
57.03125,42.97304153,788,42.97304153
57.03125,42.55052948,789,42.55052948
57.03125,42.65615845,790,42.65615845
57.03125,42.97304153,791,42.97304153
57.03125,42.55052948,792,42.55052948
57.03125,42.65615845,793,42.65615845
57.421875,42.65615845,794,42.65615845
57.421875,42.7617836,795,42.7617836
57.421875,42.65615845,796,42.65615845
57.421875,43.0786705,797,43.0786705
57.421875,42.65615845,798,42.65615845
57.421875,42.55052948,799,42.55052948
57.8125,42.65615845,800,42.65615845
57.8125,43.0786705,801,43.0786705
57.8125,42.7617836,802,42.7617836
57.8125,42.55052948,803,42.55052948
57.8125,42.65615845,804,42.65615845
57.8125,42.65615845,805,42.65615845
57.8125,42.97304153,806,42.97304153
58.203125,42.55052948,807,42.55052948
58.203125,42.65615845,808,42.65615845
58.203125,42.97304153,809,42.97304153
58.203125,42.65615845,810,42.65615845
58.203125,42.7617836,811,42.7617836
58.203125,42.65615845,812,42.65615845
58.59375,42.65615845,813,42.65615845
58.59375,42.55052948,814,42.55052948
58.59375,42.65615845,815,42.65615845
58.59375,42.7617836,816,42.7617836
58.59375,42.55052948,817,42.55052948
58.984375,42.65615845,818,42.65615845
58.984375,42.65615845,819,42.65615845
58.984375,42.65615845,820,42.65615845
58.984375,42.65615845,821,42.65615845
58.984375,42.65615845,822,42.65615845
58.984375,42.55052948,823,42.55052948
59.375,42.65615845,824,42.65615845
59.375,42.65615845,825,42.65615845
59.375,42.65615845,826,42.65615845
59.375,42.65615845,827,42.65615845
59.375,42.7617836,828,42.7617836
59.375,42.55052948,829,42.55052948
59.375,42.65615845,830,42.65615845
59.765625,42.7617836,831,42.7617836
59.765625,43.0786705,832,43.0786705
59.765625,42.65615845,833,42.65615845
59.765625,42.65615845,834,42.65615845
59.765625,42.7617836,835,42.7617836
59.765625,42.55052948,836,42.55052948
60.546875,42.65615845,837,42.65615845
60.546875,42.65615845,838,42.65615845
60.546875,42.7617836,839,42.7617836
60.546875,42.65615845,840,42.65615845
60.546875,42.55052948,841,42.55052948
60.546875,43.0786705,842,43.0786705
60.9375,42.65615845,843,42.65615845
60.9375,42.55052948,844,42.55052948
60.9375,42.65615845,845,42.65615845
60.9375,42.55052948,846,42.55052948
60.9375,42.55052948,847,42.55052948
60.9375,42.65615845,848,42.65615845
61.328125,42.65615845,849,42.65615845
61.328125,42.65615845,850,42.65615845
61.328125,42.55052948,851,42.55052948
61.328125,42.65615845,852,42.65615845
61.328125,43.0786705,853,43.0786705
61.71875,42.65615845,854,42.65615845
61.71875,42.7617836,855,42.7617836
61.71875,42.55052948,856,42.55052948
61.71875,42.65615845,857,42.65615845
61.71875,42.65615845,858,42.65615845
61.71875,42.86741257,859,42.86741257
61.71875,42.65615845,860,42.65615845
62.109375,42.55052948,861,42.55052948
62.109375,42.65615845,862,42.65615845
62.109375,42.65615845,863,42.65615845
62.109375,42.65615845,864,42.65615845
62.109375,42.55052948,865,42.55052948
62.109375,42.65615845,866,42.65615845
62.5,42.65615845,867,42.65615845
62.5,42.55052948,868,42.55052948
62.5,42.65615845,869,42.65615845
62.5,42.65615845,870,42.65615845
62.5,42.65615845,871,42.65615845
62.890625,42.55052948,872,42.55052948
62.890625,42.65615845,873,42.65615845
62.890625,42.55052948,874,42.55052948
62.890625,42.7617836,875,42.7617836
62.890625,42.7617836,876,42.7617836
62.890625,42.55052948,877,42.55052948
63.28125,42.65615845,878,42.65615845
63.28125,42.65615845,879,42.65615845
63.28125,42.65615845,880,42.65615845
63.28125,42.65615845,881,42.65615845
63.28125,42.65615845,882,42.65615845
63.28125,42.7617836,883,42.7617836
63.671875,42.65615845,884,42.65615845
63.671875,42.7617836,885,42.7617836
63.671875,42.55052948,886,42.55052948
63.671875,42.55052948,887,42.55052948
63.671875,43.0786705,888,43.0786705
63.671875,42.55052948,889,42.55052948
63.671875,42.65615845,890,42.65615845
64.0625,42.7617836,891,42.7617836
64.0625,42.65615845,892,42.65615845
64.0625,42.65615845,893,42.65615845
64.0625,42.65615845,894,42.65615845
64.0625,42.55052948,895,42.55052948
64.0625,42.65615845,896,42.65615845
64.453125,42.97304153,897,42.97304153
64.453125,42.65615845,898,42.65615845
64.453125,42.65615845,899,42.65615845
64.453125,42.55052948,900,42.55052948
64.453125,42.97304153,901,42.97304153
64.84375,42.44490433,902,42.44490433
64.84375,42.65615845,903,42.65615845
64.84375,42.65615845,904,42.65615845
64.84375,42.65615845,905,42.65615845
64.84375,42.65615845,906,42.65615845
64.84375,42.65615845,907,42.65615845
65.234375,42.65615845,908,42.65615845
65.234375,42.65615845,909,42.65615845
65.234375,42.55052948,910,42.55052948
65.234375,42.65615845,911,42.65615845
65.234375,42.65615845,912,42.65615845
65.234375,43.0786705,913,43.0786705
65.625,42.7617836,914,42.7617836
65.625,42.65615845,915,42.65615845
65.625,42.7617836,916,42.7617836
65.625,42.65615845,917,42.65615845
65.625,42.65615845,918,42.65615845
65.625,42.65615845,919,42.65615845
66.015625,42.55052948,920,42.55052948
66.015625,42.7617836,921,42.7617836
66.015625,42.7617836,922,42.7617836
66.015625,42.65615845,923,42.65615845
66.015625,42.65615845,924,42.65615845
66.015625,42.65615845,925,42.65615845
66.015625,42.65615845,926,42.65615845
66.40625,42.65615845,927,42.65615845
66.40625,42.65615845,928,42.65615845
66.40625,42.65615845,929,42.65615845
66.40625,42.65615845,930,42.65615845
66.40625,42.55052948,931,42.55052948
66.40625,42.65615845,932,42.65615845
66.796875,42.65615845,933,42.65615845
66.796875,43.0786705,934,43.0786705
66.796875,42.7617836,935,42.7617836
66.796875,42.65615845,936,42.65615845
66.796875,42.7617836,937,42.7617836
66.796875,42.65615845,938,42.65615845
66.796875,42.65615845,939,42.65615845
67.1875,42.65615845,940,42.65615845
67.1875,42.55052948,941,42.55052948
67.1875,42.7617836,942,42.7617836
67.1875,42.7617836,943,42.7617836
67.1875,42.55052948,944,42.55052948
67.1875,42.65615845,945,42.65615845
67.578125,43.0786705,946,43.0786705
67.578125,42.55052948,947,42.55052948
67.578125,42.65615845,948,42.65615845
67.578125,42.7617836,949,42.7617836
67.578125,42.55052948,950,42.55052948
67.578125,42.65615845,951,42.65615845
67.96875,42.65615845,952,42.65615845
67.96875,42.55052948,953,42.55052948
67.96875,42.97304153,954,42.97304153
67.96875,42.55052948,955,42.55052948
67.96875,42.7617836,956,42.7617836
67.96875,42.55052948,957,42.55052948
68.359375,42.55052948,958,42.55052948
68.359375,42.65615845,959,42.65615845
68.359375,42.97304153,960,42.97304153
68.359375,42.65615845,961,42.65615845
68.359375,42.65615845,962,42.65615845
68.359375,42.97304153,963,42.97304153
68.75,42.65615845,964,42.65615845
68.75,42.65615845,965,42.65615845
68.75,42.65615845,966,42.65615845
68.75,42.65615845,967,42.65615845
68.75,42.7617836,968,42.7617836
68.75,42.65615845,969,42.65615845
69.140625,42.65615845,970,42.65615845
69.140625,42.65615845,971,42.65615845
69.140625,42.65615845,972,42.65615845
69.140625,42.97304153,973,42.97304153
69.140625,42.55052948,974,42.55052948
69.140625,42.65615845,975,42.65615845
69.921875,42.65615845,976,42.65615845
69.921875,42.65615845,977,42.65615845
69.921875,42.65615845,978,42.65615845
69.921875,42.65615845,979,42.65615845
69.921875,42.97304153,980,42.97304153
69.921875,42.65615845,981,42.65615845
70.3125,42.55052948,982,42.55052948
70.3125,42.55052948,983,42.55052948
70.3125,42.55052948,984,42.55052948
70.3125,42.7617836,985,42.7617836
70.3125,42.65615845,986,42.65615845
70.3125,42.55052948,987,42.55052948
70.703125,42.55052948,988,42.55052948
70.703125,42.65615845,989,42.65615845
70.703125,42.55052948,990,42.55052948
70.703125,42.7617836,991,42.7617836
70.703125,42.55052948,992,42.55052948
70.703125,42.65615845,993,42.65615845
70.703125,42.65615845,994,42.65615845
71.09375,42.65615845,995,42.65615845
71.09375,42.65615845,996,42.65615845
71.09375,42.55052948,997,42.55052948
71.09375,42.55052948,998,42.55052948
71.09375,42.7617836,999,42.7617836
71.484375,42.65615845,1000,42.65615845
71.484375,42.65615845,1001,42.65615845
71.484375,42.65615845,1002,42.65615845
71.484375,42.55052948,1003,42.55052948
71.484375,42.65615845,1004,42.65615845
71.484375,42.65615845,1005,42.65615845
71.875,42.65615845,1006,42.65615845
71.875,42.97304153,1007,42.97304153
71.875,42.65615845,1008,42.65615845
71.875,42.65615845,1009,42.65615845
71.875,42.65615845,1010,42.65615845
71.875,42.65615845,1011,42.65615845
72.265625,42.65615845,1012,42.65615845
72.265625,42.65615845,1013,42.65615845
72.265625,42.65615845,1014,42.65615845
72.265625,42.65615845,1015,42.65615845
72.265625,42.65615845,1016,42.65615845
72.265625,42.65615845,1017,42.65615845
72.65625,42.65615845,1018,42.65615845
72.65625,42.65615845,1019,42.65615845
72.65625,42.65615845,1020,42.65615845
72.65625,42.97304153,1021,42.97304153
72.65625,42.55052948,1022,42.55052948
72.65625,42.55052948,1023,42.55052948
73.046875,42.65615845,1024,42.65615845
73.046875,42.55052948,1025,42.55052948
73.046875,43.0786705,1026,43.0786705
73.046875,42.65615845,1027,42.65615845
73.046875,42.65615845,1028,42.65615845
73.046875,42.65615845,1029,42.65615845
73.4375,42.7617836,1030,42.7617836
73.4375,42.65615845,1031,42.65615845
73.4375,42.7617836,1032,42.7617836
73.4375,42.65615845,1033,42.65615845
73.4375,42.55052948,1034,42.55052948
73.4375,42.65615845,1035,42.65615845
73.828125,42.97304153,1036,42.97304153
73.828125,42.7617836,1037,42.7617836
73.828125,42.65615845,1038,42.65615845
73.828125,42.55052948,1039,42.55052948
73.828125,42.55052948,1040,42.55052948
73.828125,42.65615845,1041,42.65615845
74.21875,42.65615845,1042,42.65615845
74.21875,42.55052948,1043,42.55052948
74.21875,42.65615845,1044,42.65615845
74.21875,42.65615845,1045,42.65615845
74.21875,42.55052948,1046,42.55052948
74.21875,42.65615845,1047,42.65615845
74.609375,42.55052948,1048,42.55052948
74.609375,43.0786705,1049,43.0786705
74.609375,42.65615845,1050,42.65615845
74.609375,42.65615845,1051,42.65615845
74.609375,42.65615845,1052,42.65615845
74.609375,42.65615845,1053,42.65615845
75,42.65615845,1054,42.65615845
75,42.33927155,1055,42.33927155
75,42.02238846,1056,42.02238846
75,41.5998764,1057,41.5998764
75,41.5998764,1058,41.5998764
75,41.5998764,1059,41.5998764
75.390625,41.5998764,1060,41.5998764
75.390625,40.86048126,1061,40.86048126
75.390625,40.43796539,1062,40.43796539
75.390625,40.54359436,1063,40.54359436
75.390625,40.43796539,1064,40.43796539
75.390625,40.43796539,1065,40.43796539
75.78125,40.01545334,1066,40.01545334
75.78125,40.12108231,1067,40.12108231
75.78125,40.12108231,1068,40.12108231
75.78125,40.01545334,1069,40.01545334
75.78125,39.2760582,1070,39.2760582
75.78125,38.85354614,1071,38.85354614
75.78125,38.85354614,1072,38.85354614
76.171875,38.85354614,1073,38.85354614
76.171875,38.95917511,1074,38.95917511
76.171875,38.85354614,1075,38.85354614
76.171875,38.53665924,1076,38.53665924
76.171875,38.21977615,1077,38.21977615
76.171875,38.21977615,1078,38.21977615
76.5625,38.21977615,1079,38.21977615
76.5625,38.11414719,1080,38.11414719
76.5625,38.00851822,1081,38.00851822
76.5625,37.7972641,1082,37.7972641
76.5625,37.7972641,1083,37.7972641
76.5625,37.69163513,1084,37.69163513
76.5625,37.69163513,1085,37.69163513
76.953125,36.52972794,1086,36.52972794
76.953125,36.52972794,1087,36.52972794
76.953125,36.52972794,1088,36.52972794
76.953125,36.52972794,1089,36.52972794
76.953125,36.52972794,1090,36.52972794
76.953125,36.52972794,1091,36.52972794
76.953125,36.52972794,1092,36.52972794
77.34375,36.52972794,1093,36.52972794
77.34375,36.42409897,1094,36.42409897
77.34375,36.52972794,1095,36.52972794
77.34375,36.52972794,1096,36.52972794
77.34375,36.52972794,1097,36.52972794
77.34375,36.10721588,1098,36.10721588
77.34375,35.89595795,1099,35.89595795
77.734375,36.00158691,1100,36.00158691
77.734375,35.79032898,1101,35.79032898
77.734375,35.89595795,1102,35.89595795
77.734375,35.89595795,1103,35.89595795
77.734375,35.05093384,1104,35.05093384
77.734375,35.15655899,1105,35.15655899
77.734375,35.05093384,1106,35.05093384
77.734375,35.05093384,1107,35.05093384
78.125,35.05093384,1108,35.05093384
78.125,35.15655899,1109,35.15655899
78.125,35.15655899,1110,35.15655899
78.125,34.73405075,1111,34.73405075
78.125,34.73405075,1112,34.73405075
78.125,34.73405075,1113,34.73405075
78.125,34.8396759,1114,34.8396759
78.515625,34.73405075,1115,34.73405075
78.515625,33.99465179,1116,33.99465179
78.515625,33.99465179,1117,33.99465179
78.515625,33.99465179,1118,33.99465179
78.515625,33.99465179,1119,33.99465179
78.515625,33.88902283,1120,33.88902283
78.515625,33.99465179,1121,33.99465179
78.90625,33.88902283,1122,33.88902283
78.90625,33.99465179,1123,33.99465179
78.90625,33.99465179,1124,33.99465179
78.90625,33.99465179,1125,33.99465179
78.90625,33.57213974,1126,33.57213974
78.90625,32.62148666,1127,32.62148666
78.90625,32.5158577,1128,32.5158577
78.90625,32.5158577,1129,32.5158577
79.296875,32.5158577,1130,32.5158577
79.296875,32.62148666,1131,32.62148666
79.296875,32.5158577,1132,32.5158577
79.296875,32.5158577,1133,32.5158577
79.296875,32.5158577,1134,32.5158577
79.296875,32.5158577,1135,32.5158577
79.296875,32.72711182,1136,32.72711182
79.296875,32.62148666,1137,32.62148666
79.6875,32.5158577,1138,32.5158577
79.6875,32.5158577,1139,32.5158577
79.6875,32.41023254,1140,32.41023254
79.6875,32.62148666,1141,32.62148666
79.6875,32.62148666,1142,32.62148666
79.6875,32.19897079,1143,32.19897079
79.6875,32.19897079,1144,32.19897079
80.46875,31.98771667,1145,31.98771667
80.46875,31.98771667,1146,31.98771667
80.46875,31.98771667,1147,31.98771667
80.46875,31.45957565,1148,31.45957565
80.46875,31.14269066,1149,31.14269066
80.46875,31.14269066,1150,31.14269066
80.46875,31.03706551,1151,31.03706551
80.46875,31.14269066,1152,31.14269066
80.46875,31.14269066,1153,31.14269066
80.859375,31.14269066,1154,31.14269066
80.859375,31.14269066,1155,31.14269066
80.859375,31.14269066,1156,31.14269066
80.859375,31.14269066,1157,31.14269066
80.859375,30.93143463,1158,30.93143463
80.859375,30.82580948,1159,30.82580948
80.859375,30.93143463,1160,30.93143463
80.859375,30.50892448,1161,30.50892448
81.25,30.50892448,1162,30.50892448
81.25,30.50892448,1163,30.50892448
81.25,30.50892448,1164,30.50892448
81.25,30.50892448,1165,30.50892448
81.25,30.19203949,1166,30.19203949
81.25,29.98078346,1167,29.98078346
81.25,30.08641052,1168,30.08641052
81.25,30.08641052,1169,30.08641052
81.640625,29.76952744,1170,29.76952744
81.640625,29.03012848,1171,29.03012848
81.640625,29.03012848,1172,29.03012848
81.640625,28.92450142,1173,28.92450142
81.640625,29.03012848,1174,29.03012848
81.640625,29.03012848,1175,29.03012848
81.640625,29.03012848,1176,29.03012848
81.640625,29.03012848,1177,29.03012848
81.640625,29.03012848,1178,29.03012848
82.03125,29.03012848,1179,29.03012848
82.03125,28.92450142,1180,28.92450142
82.03125,29.03012848,1181,29.03012848
82.03125,28.92450142,1182,28.92450142
82.03125,29.03012848,1183,29.03012848
82.03125,29.03012848,1184,29.03012848
82.03125,29.03012848,1185,29.03012848
82.03125,29.03012848,1186,29.03012848
82.421875,29.03012848,1187,29.03012848
82.421875,29.03012848,1188,29.03012848
82.421875,28.50198746,1189,28.50198746
82.421875,28.29073143,1190,28.29073143
82.421875,28.29073143,1191,28.29073143
82.421875,28.18510628,1192,28.18510628
82.421875,28.29073143,1193,28.29073143
82.421875,27.86822128,1194,27.86822128
82.421875,27.86822128,1195,27.86822128
82.421875,27.86822128,1196,27.86822128
82.8125,27.86822128,1197,27.86822128
82.8125,27.86822128,1198,27.86822128
82.8125,27.86822128,1199,27.86822128
82.8125,27.97384644,1200,27.97384644
82.8125,27.86822128,1201,27.86822128
82.8125,27.55133629,1202,27.55133629
82.8125,27.12882423,1203,27.12882423
82.8125,27.23445129,1204,27.23445129
82.8125,27.23445129,1205,27.23445129
83.203125,27.23445129,1206,27.23445129
83.203125,27.23445129,1207,27.23445129
83.203125,27.23445129,1208,27.23445129
83.203125,27.23445129,1209,27.23445129
83.203125,27.23445129,1210,27.23445129
83.203125,27.23445129,1211,27.23445129
83.203125,26.60068321,1212,26.60068321
83.203125,26.49505424,1213,26.49505424
83.203125,26.60068321,1214,26.60068321
83.59375,26.49505424,1215,26.49505424
83.59375,26.49505424,1216,26.49505424
83.59375,26.60068321,1217,26.60068321
83.59375,26.60068321,1218,26.60068321
83.59375,26.60068321,1219,26.60068321
83.59375,26.49505424,1220,26.49505424
83.59375,26.49505424,1221,26.49505424
83.59375,26.60068321,1222,26.60068321
83.59375,26.0725441,1223,26.0725441
83.59375,26.17816925,1224,26.17816925
83.984375,26.17816925,1225,26.17816925
83.984375,26.17816925,1226,26.17816925
83.984375,26.17816925,1227,26.17816925
83.984375,26.17816925,1228,26.17816925
83.984375,26.17816925,1229,26.17816925
83.984375,26.0725441,1230,26.0725441
83.984375,25.86128426,1231,25.86128426
83.984375,25.86128426,1232,25.86128426
83.984375,25.7556591,1233,25.7556591
83.984375,25.33314514,1234,25.33314514
84.375,25.43877411,1235,25.43877411
84.375,25.43877411,1236,25.43877411
84.375,25.01626205,1237,25.01626205
84.375,25.01626205,1238,25.01626205
84.375,25.01626205,1239,25.01626205
84.375,25.01626205,1240,25.01626205
84.375,25.01626205,1241,25.01626205
84.375,25.01626205,1242,25.01626205
84.375,25.01626205,1243,25.01626205
84.375,25.01626205,1244,25.01626205
84.765625,25.01626205,1245,25.01626205
84.765625,24.69937706,1246,24.69937706
84.765625,24.80500412,1247,24.80500412
84.765625,24.80500412,1248,24.80500412
84.765625,24.80500412,1249,24.80500412
84.765625,24.80500412,1250,24.80500412
84.765625,24.80500412,1251,24.80500412
84.765625,24.80500412,1252,24.80500412
84.765625,24.59374809,1253,24.59374809
84.765625,24.06560707,1254,24.06560707
85.15625,23.95998001,1255,23.95998001
85.15625,24.06560707,1256,24.06560707
85.15625,23.95998001,1257,23.95998001
85.15625,23.95998001,1258,23.95998001
85.15625,23.95998001,1259,23.95998001
85.15625,23.95998001,1260,23.95998001
85.15625,24.06560707,1261,24.06560707
85.15625,24.06560707,1262,24.06560707
85.15625,23.64309502,1263,23.64309502
85.15625,23.64309502,1264,23.64309502
85.546875,23.64309502,1265,23.64309502
85.546875,23.74872208,1266,23.74872208
85.546875,23.64309502,1267,23.64309502
85.546875,23.64309502,1268,23.64309502
85.546875,23.64309502,1269,23.64309502
85.546875,23.64309502,1270,23.64309502
85.546875,23.64309502,1271,23.64309502
85.546875,23.32621002,1272,23.32621002
85.546875,23.00932693,1273,23.00932693
85.546875,23.00932693,1274,23.00932693
85.546875,23.00932693,1275,23.00932693
85.9375,23.00932693,1276,23.00932693
85.9375,23.00932693,1277,23.00932693
85.9375,23.00932693,1278,23.00932693
85.9375,23.00932693,1279,23.00932693
85.9375,23.00932693,1280,23.00932693
85.9375,23.00932693,1281,23.00932693
85.9375,23.00932693,1282,23.00932693
85.9375,23.00932693,1283,23.00932693
85.9375,23.00932693,1284,23.00932693
85.9375,22.69244194,1285,22.69244194
85.9375,22.58681488,1286,22.58681488
86.328125,22.26992989,1287,22.26992989
86.328125,22.26992989,1288,22.26992989
86.328125,22.26992989,1289,22.26992989
86.328125,22.26992989,1290,22.26992989
86.328125,22.26992989,1291,22.26992989
86.328125,22.26992989,1292,22.26992989
86.328125,22.26992989,1293,22.26992989
86.328125,22.26992989,1294,22.26992989
86.328125,22.26992989,1295,22.26992989
86.328125,22.26992989,1296,22.26992989
86.328125,22.26992989,1297,22.26992989
86.328125,21.95304489,1298,21.95304489
86.71875,22.05867386,1299,22.05867386
86.71875,21.95304489,1300,21.95304489
86.71875,21.95304489,1301,21.95304489
86.71875,21.95304489,1302,21.95304489
86.71875,22.05867386,1303,22.05867386
86.71875,22.05867386,1304,22.05867386
86.71875,21.84741783,1305,21.84741783
86.71875,21.53053284,1306,21.53053284
86.71875,21.6361618,1307,21.6361618
86.71875,21.6361618,1308,21.6361618
86.71875,21.6361618,1309,21.6361618
87.109375,21.6361618,1310,21.6361618
87.109375,21.53053284,1311,21.53053284
87.109375,21.74178886,1312,21.74178886
87.109375,21.6361618,1313,21.6361618
87.109375,21.21364784,1314,21.21364784
87.109375,21.21364784,1315,21.21364784
87.109375,21.21364784,1316,21.21364784
87.109375,21.21364784,1317,21.21364784
87.109375,21.10802078,1318,21.10802078
87.109375,21.21364784,1319,21.21364784
87.109375,21.21364784,1320,21.21364784
87.109375,21.21364784,1321,21.21364784
87.5,21.31927681,1322,21.31927681
87.5,20.89676285,1323,20.89676285
87.5,20.89676285,1324,20.89676285
87.5,20.89676285,1325,20.89676285
87.5,20.4742527,1326,20.4742527
87.5,20.26299477,1327,20.26299477
87.5,19.73485374,1328,19.73485374
87.5,19.73485374,1329,19.73485374
87.5,19.73485374,1330,19.73485374
87.5,19.84048271,1331,19.84048271
87.5,19.73485374,1332,19.73485374
87.5,19.73485374,1333,19.73485374
87.890625,19.84048271,1334,19.84048271
87.890625,19.73485374,1335,19.73485374
87.890625,19.84048271,1336,19.84048271
87.890625,19.73485374,1337,19.73485374
87.890625,19.73485374,1338,19.73485374
87.890625,19.73485374,1339,19.73485374
87.890625,19.73485374,1340,19.73485374
87.890625,19.73485374,1341,19.73485374
87.890625,19.73485374,1342,19.73485374
87.890625,19.73485374,1343,19.73485374
87.890625,19.73485374,1344,19.73485374
87.890625,19.73485374,1345,19.73485374
87.890625,19.73485374,1346,19.73485374
88.28125,19.73485374,1347,19.73485374
88.28125,19.62922668,1348,19.62922668
88.28125,19.73485374,1349,19.73485374
88.28125,19.73485374,1350,19.73485374
88.28125,19.73485374,1351,19.73485374
88.28125,19.73485374,1352,19.73485374
88.28125,19.73485374,1353,19.73485374
88.28125,19.73485374,1354,19.73485374
88.28125,19.73485374,1355,19.73485374
88.28125,19.62922668,1356,19.62922668
88.28125,19.73485374,1357,19.73485374
88.28125,19.41797066,1358,19.41797066
88.671875,19.41797066,1359,19.41797066
88.671875,19.41797066,1360,19.41797066
88.671875,19.41797066,1361,19.41797066
88.671875,19.52359962,1362,19.52359962
88.671875,19.41797066,1363,19.41797066
88.671875,19.41797066,1364,19.41797066
88.671875,19.41797066,1365,19.41797066
88.671875,19.41797066,1366,19.41797066
88.671875,19.31234169,1367,19.31234169
88.671875,18.88982964,1368,18.88982964
88.671875,18.9954586,1369,18.9954586
88.671875,18.9954586,1370,18.9954586
88.671875,18.9954586,1371,18.9954586
88.671875,18.9954586,1372,18.9954586
89.0625,18.9954586,1373,18.9954586
89.0625,18.9954586,1374,18.9954586
89.0625,18.9954586,1375,18.9954586
89.0625,18.9954586,1376,18.9954586
89.0625,19.10108566,1377,19.10108566
89.0625,18.9954586,1378,18.9954586
89.0625,18.9954586,1379,18.9954586
89.0625,18.9954586,1380,18.9954586
89.0625,19.10108566,1381,19.10108566
89.0625,18.57294464,1382,18.57294464
89.0625,18.57294464,1383,18.57294464
89.0625,18.67857361,1384,18.67857361
89.0625,18.57294464,1385,18.57294464
89.453125,18.57294464,1386,18.57294464
89.453125,18.67857361,1387,18.67857361
89.453125,18.67857361,1388,18.67857361
89.453125,18.67857361,1389,18.67857361
89.453125,18.57294464,1390,18.57294464
89.453125,18.57294464,1391,18.57294464
89.453125,18.67857361,1392,18.67857361
89.453125,18.36169052,1393,18.36169052
89.453125,18.25605965,1394,18.25605965
89.453125,17.8335495,1395,17.8335495
89.453125,17.8335495,1396,17.8335495
89.453125,17.93917656,1397,17.93917656
89.84375,17.93917656,1398,17.93917656
89.84375,17.8335495,1399,17.8335495
89.84375,17.93917656,1400,17.93917656
89.84375,17.93917656,1401,17.93917656
89.84375,17.93917656,1402,17.93917656
89.84375,17.8335495,1403,17.8335495
89.84375,17.93917656,1404,17.93917656
89.84375,17.8335495,1405,17.8335495
89.84375,17.93917656,1406,17.93917656
89.84375,17.93917656,1407,17.93917656
89.84375,17.8335495,1408,17.8335495
89.84375,17.93917656,1409,17.93917656
89.84375,17.93917656,1410,17.93917656
90.234375,17.8335495,1411,17.8335495
90.234375,17.8335495,1412,17.8335495
90.234375,17.8335495,1413,17.8335495
90.234375,17.41103554,1414,17.41103554
90.234375,17.19977951,1415,17.19977951
90.234375,17.19977951,1416,17.19977951
90.234375,17.19977951,1417,17.19977951
90.234375,17.19977951,1418,17.19977951
90.234375,17.19977951,1419,17.19977951
90.234375,17.19977951,1420,17.19977951
90.234375,17.19977951,1421,17.19977951
90.234375,17.19977951,1422,17.19977951
90.234375,17.19977951,1423,17.19977951
90.625,17.19977951,1424,17.19977951
90.625,17.19977951,1425,17.19977951
90.625,17.30540848,1426,17.30540848
90.625,17.19977951,1427,17.19977951
90.625,17.19977951,1428,17.19977951
90.625,17.19977951,1429,17.19977951
90.625,17.19977951,1430,17.19977951
90.625,17.30540848,1431,17.30540848
90.625,17.19977951,1432,17.19977951
90.625,17.19977951,1433,17.19977951
90.625,17.19977951,1434,17.19977951
90.625,17.19977951,1435,17.19977951
90.625,17.19977951,1436,17.19977951
90.625,17.30540848,1437,17.30540848
91.015625,17.09415054,1438,17.09415054
91.015625,16.77726746,1439,16.77726746
91.015625,16.77726746,1440,16.77726746
91.015625,16.77726746,1441,16.77726746
91.015625,16.77726746,1442,16.77726746
91.015625,16.56601143,1443,16.56601143
91.015625,16.56601143,1444,16.56601143
91.015625,16.56601143,1445,16.56601143
91.015625,16.56601143,1446,16.56601143
91.015625,16.56601143,1447,16.56601143
91.015625,16.56601143,1448,16.56601143
91.015625,16.56601143,1449,16.56601143
91.015625,16.56601143,1450,16.56601143
91.40625,16.56601143,1451,16.56601143
91.40625,16.56601143,1452,16.56601143
91.40625,16.56601143,1453,16.56601143
91.40625,16.56601143,1454,16.56601143
91.40625,16.56601143,1455,16.56601143
91.40625,16.56601143,1456,16.56601143
91.40625,16.56601143,1457,16.56601143
91.40625,16.56601143,1458,16.56601143
91.40625,16.56601143,1459,16.56601143
91.40625,16.56601143,1460,16.56601143
91.40625,16.46038246,1461,16.46038246
91.40625,16.14349747,1462,16.14349747
91.40625,16.24912643,1463,16.24912643
91.40625,16.24912643,1464,16.24912643
91.796875,16.14349747,1465,16.14349747
91.796875,16.24912643,1466,16.24912643
91.796875,16.24912643,1467,16.24912643
91.796875,16.14349747,1468,16.14349747
91.796875,16.24912643,1469,16.24912643
91.796875,16.24912643,1470,16.24912643
91.796875,16.24912643,1471,16.24912643
91.796875,16.24912643,1472,16.24912643
91.796875,16.14349747,1473,16.14349747
91.796875,16.24912643,1474,16.24912643
91.796875,16.24912643,1475,16.24912643
91.796875,16.24912643,1476,16.24912643
91.796875,16.24912643,1477,16.24912643
91.796875,16.03787041,1478,16.03787041
92.1875,15.82661438,1479,15.82661438
92.1875,15.82661438,1480,15.82661438
92.1875,15.82661438,1481,15.82661438
92.1875,15.82661438,1482,15.82661438
92.1875,15.40410137,1483,15.40410137
92.1875,15.50972939,1484,15.50972939
92.1875,15.50972939,1485,15.50972939
92.1875,15.40410137,1486,15.40410137
92.1875,15.50972939,1487,15.50972939
92.1875,15.50972939,1488,15.50972939
92.1875,15.40410137,1489,15.40410137
92.1875,14.98158836,1490,14.98158836
92.1875,15.08721638,1491,15.08721638
92.1875,15.1928463,1492,15.1928463
92.578125,14.98158836,1493,14.98158836
92.578125,15.08721638,1494,15.08721638
92.578125,14.98158836,1495,14.98158836
92.578125,15.08721638,1496,15.08721638
92.578125,15.08721638,1497,15.08721638
92.578125,15.08721638,1498,15.08721638
92.578125,15.08721638,1499,15.08721638
92.578125,15.08721638,1500,15.08721638
92.578125,15.08721638,1501,15.08721638
92.578125,15.08721638,1502,15.08721638
92.578125,14.98158836,1503,14.98158836
92.578125,15.08721638,1504,15.08721638
92.578125,15.08721638,1505,15.08721638
92.578125,15.08721638,1506,15.08721638
92.578125,15.08721638,1507,15.08721638
93.359375,14.98158836,1508,14.98158836
93.359375,15.08721638,1509,15.08721638
93.359375,15.08721638,1510,15.08721638
93.359375,15.08721638,1511,15.08721638
93.359375,15.08721638,1512,15.08721638
93.359375,15.08721638,1513,15.08721638
93.359375,15.08721638,1514,15.08721638
93.359375,15.08721638,1515,15.08721638
93.359375,15.08721638,1516,15.08721638
93.359375,14.98158836,1517,14.98158836
93.359375,15.08721638,1518,15.08721638
93.359375,15.08721638,1519,15.08721638
93.359375,15.08721638,1520,15.08721638
93.359375,15.08721638,1521,15.08721638
93.359375,14.98158836,1522,14.98158836
93.75,15.08721638,1523,15.08721638
93.75,15.08721638,1524,15.08721638
93.75,15.08721638,1525,15.08721638
93.75,14.34782028,1526,14.34782028
93.75,14.34782028,1527,14.34782028
93.75,14.34782028,1528,14.34782028
93.75,14.34782028,1529,14.34782028
93.75,14.34782028,1530,14.34782028
93.75,14.34782028,1531,14.34782028
93.75,14.34782028,1532,14.34782028
93.75,14.4534483,1533,14.4534483
93.75,14.34782028,1534,14.34782028
93.75,14.34782028,1535,14.34782028
93.75,14.4534483,1536,14.4534483
93.75,14.34782028,1537,14.34782028
93.75,14.34782028,1538,14.34782028
94.140625,14.34782028,1539,14.34782028
94.140625,14.34782028,1540,14.34782028
94.140625,14.34782028,1541,14.34782028
94.140625,14.34782028,1542,14.34782028
94.140625,13.81967926,1543,13.81967926
94.140625,13.7140522,1544,13.7140522
94.140625,13.7140522,1545,13.7140522
94.140625,13.7140522,1546,13.7140522
94.140625,13.7140522,1547,13.7140522
94.140625,13.7140522,1548,13.7140522
94.140625,13.7140522,1549,13.7140522
94.140625,13.81967926,1550,13.81967926
94.140625,13.60842419,1551,13.60842419
94.140625,13.7140522,1552,13.7140522
94.140625,13.81967926,1553,13.81967926
94.140625,13.7140522,1554,13.7140522
94.53125,13.7140522,1555,13.7140522
94.53125,13.7140522,1556,13.7140522
94.53125,13.7140522,1557,13.7140522
94.53125,13.7140522,1558,13.7140522
94.53125,13.81967926,1559,13.81967926
94.53125,13.7140522,1560,13.7140522
94.53125,13.81967926,1561,13.81967926
94.53125,13.7140522,1562,13.7140522
94.53125,13.7140522,1563,13.7140522
94.53125,13.7140522,1564,13.7140522
94.53125,13.7140522,1565,13.7140522
94.53125,13.7140522,1566,13.7140522
94.53125,13.7140522,1567,13.7140522
94.53125,13.7140522,1568,13.7140522
94.53125,13.7140522,1569,13.7140522
94.53125,13.7140522,1570,13.7140522
94.53125,13.60842419,1571,13.60842419
94.921875,13.81967926,1572,13.81967926
94.921875,13.7140522,1573,13.7140522
94.921875,13.60842419,1574,13.60842419
94.921875,13.81967926,1575,13.81967926
94.921875,13.81967926,1576,13.81967926
94.921875,13.50279522,1577,13.50279522
94.921875,13.39716721,1578,13.39716721
94.921875,13.39716721,1579,13.39716721
94.921875,13.50279522,1580,13.50279522
94.921875,13.39716721,1581,13.39716721
94.921875,13.50279522,1582,13.50279522
94.921875,13.39716721,1583,13.39716721
94.921875,13.50279522,1584,13.50279522
94.921875,13.39716721,1585,13.39716721
94.921875,13.29153919,1586,13.29153919
94.921875,13.39716721,1587,13.39716721
95.3125,13.39716721,1588,13.39716721
95.3125,12.76339817,1589,12.76339817
95.3125,12.5521431,1590,12.5521431
95.3125,12.5521431,1591,12.5521431
95.3125,12.5521431,1592,12.5521431
95.3125,12.5521431,1593,12.5521431
95.3125,12.5521431,1594,12.5521431
95.3125,12.65777016,1595,12.65777016
95.3125,12.5521431,1596,12.5521431
95.3125,12.44651318,1597,12.44651318
95.3125,12.65777016,1598,12.65777016
95.3125,12.5521431,1599,12.5521431
95.3125,12.5521431,1600,12.5521431
95.3125,12.5521431,1601,12.5521431
95.3125,12.5521431,1602,12.5521431
95.3125,12.5521431,1603,12.5521431
95.3125,12.65777016,1604,12.65777016
95.3125,12.65777016,1605,12.65777016
95.703125,12.5521431,1606,12.5521431
95.703125,12.5521431,1607,12.5521431
95.703125,12.44651318,1608,12.44651318
95.703125,12.5521431,1609,12.5521431
95.703125,12.5521431,1610,12.5521431
95.703125,12.5521431,1611,12.5521431
95.703125,12.5521431,1612,12.5521431
95.703125,12.5521431,1613,12.5521431
95.703125,12.5521431,1614,12.5521431
95.703125,12.5521431,1615,12.5521431
95.703125,12.5521431,1616,12.5521431
95.703125,12.44651318,1617,12.44651318
95.703125,12.5521431,1618,12.5521431
95.703125,12.5521431,1619,12.5521431
95.703125,12.44651318,1620,12.44651318
95.703125,12.34088612,1621,12.34088612
95.703125,12.2352581,1622,12.2352581
95.703125,12.2352581,1623,12.2352581
96.09375,12.2352581,1624,12.2352581
96.09375,12.2352581,1625,12.2352581
96.09375,12.2352581,1626,12.2352581
96.09375,12.2352581,1627,12.2352581
96.09375,12.34088612,1628,12.34088612
96.09375,12.34088612,1629,12.34088612
96.09375,12.2352581,1630,12.2352581
96.09375,12.2352581,1631,12.2352581
96.09375,12.2352581,1632,12.2352581
96.09375,11.81274509,1633,11.81274509
96.09375,11.70711708,1634,11.70711708
96.09375,11.70711708,1635,11.70711708
96.09375,11.70711708,1636,11.70711708
96.09375,11.70711708,1637,11.70711708
96.09375,11.70711708,1638,11.70711708
96.09375,11.70711708,1639,11.70711708
96.09375,11.81274509,1640,11.81274509
96.09375,11.81274509,1641,11.81274509
96.09375,11.70711708,1642,11.70711708
96.484375,11.81274509,1643,11.81274509
96.484375,11.70711708,1644,11.70711708
96.484375,11.81274509,1645,11.81274509
96.484375,11.70711708,1646,11.70711708
96.484375,11.81274509,1647,11.81274509
96.484375,11.81274509,1648,11.81274509
96.484375,11.70711708,1649,11.70711708
96.484375,11.81274509,1650,11.81274509
96.484375,11.91837311,1651,11.91837311
96.484375,11.81274509,1652,11.81274509
96.484375,11.49586105,1653,11.49586105
96.484375,11.60148907,1654,11.60148907
96.484375,11.49586105,1655,11.49586105
96.484375,11.49586105,1656,11.49586105
96.484375,11.39023209,1657,11.39023209
96.484375,11.39023209,1658,11.39023209
96.484375,11.49586105,1659,11.49586105
96.484375,11.49586105,1660,11.49586105
96.484375,11.49586105,1661,11.49586105
96.875,11.49586105,1662,11.49586105
96.875,11.49586105,1663,11.49586105
96.875,11.49586105,1664,11.49586105
96.875,11.49586105,1665,11.49586105
96.875,11.49586105,1666,11.49586105
96.875,11.28460407,1667,11.28460407
